,quadrants,original_coordinate_x,original_coordinate_y,distances,x_distances,y_distances,distances_ref,x_distances_ref,y_distances_ref,elapsed_time,velocities,x_velocities,y_velocities,velocities_ref,x_velocities_ref,y_velocities_ref,aceleration,x_aceleration,y_aceleration,aceleration_ref,x_aceleration_ref,y_aceleration_ref,angle,angle_ref
0,3,599,212,63.39,63,-7,1774.44,481,1708,1,63.39,63.0,-7.0,1774.44,481.0,1708.0,-38.21,-38.0,4.0,11.43,63.0,-7.0,353.66,74.27
1,3,598,211,1.41,-1,-1,1775.67,482,1709,1,1.41,-1.0,-1.0,1775.67,482.0,1709.0,61.98,64.0,-6.0,-1.23,-1.0,-1.0,45.0,74.25
2,3,469,224,129.65,-129,13,1802.7,611,1696,1,129.65,-129.0,13.0,1802.7,611.0,1696.0,-128.24,128.0,-14.0,-27.03,-129.0,13.0,354.25,70.19
3,3,331,240,138.92,-138,16,1839.4,749,1680,1,138.92,-138.0,16.0,1839.4,749.0,1680.0,-9.27,9.0,-3.0,-36.7,-138.0,16.0,353.39,65.97
