,quadrants,original_coordinate_x,original_coordinate_y,distances,x_distances,y_distances,distances_ref,x_distances_ref,y_distances_ref,elapsed_time,velocities,x_velocities,y_velocities,velocities_ref,x_velocities_ref,y_velocities_ref,aceleration,x_aceleration,y_aceleration,aceleration_ref,x_aceleration_ref,y_aceleration_ref,angle,angle_ref
0,4,1526,166,271.07,-271,-6,1809.82,-446,1754,1,271.07,-271.0,-6.0,1809.82,-446.0,1754.0,-44.06,44.0,4.0,79.52,-271.0,-6.0,1.27,284.27
1,4,1172,150,354.36,-354,-16,1772.39,-92,1770,1,354.36,-354.0,-16.0,1772.39,-92.0,1770.0,-83.29,83.0,10.0,37.43,-354.0,-16.0,2.59,272.98
2,3,767,157,405.06,-405,7,1790.57,313,1763,1,405.06,-405.0,7.0,1790.57,313.0,1763.0,-50.7,51.0,-23.0,-18.18,-405.0,7.0,359.01,79.93
3,3,409,192,359.71,-358,35,1853.71,671,1728,1,359.71,-358.0,35.0,1853.71,671.0,1728.0,45.35,-47.0,-28.0,-63.14,-358.0,35.0,354.42,68.78
