,quadrants,original_coordinate_x,original_coordinate_y,distances,x_distances,y_distances,distances_ref,x_distances_ref,y_distances_ref,elapsed_time,velocities,x_velocities,y_velocities,velocities_ref,x_velocities_ref,y_velocities_ref,aceleration,x_aceleration,y_aceleration,aceleration_ref,x_aceleration_ref,y_aceleration_ref,angle,angle_ref
0,4,1449,160,265.07,-265,-6,1798.27,-369,1760,1,265.07,-265.0,-6.0,1798.27,-369.0,1760.0,15.93,-16.0,5.0,66.8,-265.0,-6.0,1.3,281.84
1,4,1168,146,281.35,-281,-14,1776.18,-88,1774,1,281.35,-281.0,-14.0,1776.18,-88.0,1774.0,-16.28,16.0,8.0,22.09,-281.0,-14.0,2.85,272.84
2,3,838,153,330.07,-330,7,1783.49,242,1767,1,330.07,-330.0,7.0,1783.49,242.0,1767.0,-48.72,49.0,-21.0,-7.31,-330.0,7.0,358.78,82.2
3,3,519,179,320.06,-319,26,1829.15,561,1741,1,320.06,-319.0,26.0,1829.15,561.0,1741.0,10.01,-11.0,-19.0,-45.66,-319.0,26.0,355.34,72.14
