,quadrants,original_coordinate_x,original_coordinate_y,distances,x_distances,y_distances,distances_ref,x_distances_ref,y_distances_ref,elapsed_time,velocities,x_velocities,y_velocities,velocities_ref,x_velocities_ref,y_velocities_ref,aceleration,x_aceleration,y_aceleration,aceleration_ref,x_aceleration_ref,y_aceleration_ref,angle,angle_ref
0,4,1486,162,186.0,-186,0,1804.27,-406,1758,1,186.0,-186.0,0.0,1804.27,-406.0,1758.0,-45.87,46.0,6.0,50.73,-186.0,0.0,360.0,283.0
1,4,1211,144,275.59,-275,-18,1780.82,-131,1776,1,275.59,-275.0,-18.0,1780.82,-131.0,1776.0,-89.59,89.0,18.0,23.45,-275.0,-18.0,3.74,274.22
2,3,875,148,336.02,-336,4,1783.82,205,1772,1,336.02,-336.0,4.0,1783.82,205.0,1772.0,-60.43,61.0,-22.0,-3.0,-336.0,4.0,359.32,83.4
3,3,578,164,297.43,-297,16,1826.35,502,1756,1,297.43,-297.0,16.0,1826.35,502.0,1756.0,38.59,-39.0,-12.0,-42.53,-297.0,16.0,356.92,74.05
