,quadrants,original_coordinate_x,original_coordinate_y,distances,x_distances,y_distances,distances_ref,x_distances_ref,y_distances_ref,elapsed_time,velocities,x_velocities,y_velocities,velocities_ref,x_velocities_ref,y_velocities_ref,aceleration,x_aceleration,y_aceleration,aceleration_ref,x_aceleration_ref,y_aceleration_ref,angle,angle_ref
0,4,1500,180,305.53,-305,-18,1789.97,-420,1740,1,305.53,-305.0,-18.0,1789.97,-420.0,1740.0,-49.29,49.0,7.0,78.43,-305.0,-18.0,3.38,283.57
1,4,1111,171,389.1,-389,-9,1749.27,-31,1749,1,389.1,-389.0,-9.0,1749.27,-31.0,1749.0,-83.57,84.0,-9.0,40.7,-389.0,-9.0,1.33,271.02
2,3,683,190,428.42,-428,19,1774.97,397,1730,1,428.42,-428.0,19.0,1774.97,397.0,1730.0,-39.32,39.0,-28.0,-25.7,-428.0,19.0,357.46,77.08
3,3,323,229,362.11,-360,39,1852.71,757,1691,1,362.11,-360.0,39.0,1852.71,757.0,1691.0,66.31,-68.0,-20.0,-77.74,-360.0,39.0,353.82,65.88
