,quadrants,original_coordinate_x,original_coordinate_y,distances,x_distances,y_distances,distances_ref,x_distances_ref,y_distances_ref,elapsed_time,velocities,x_velocities,y_velocities,velocities_ref,x_velocities_ref,y_velocities_ref,aceleration,x_aceleration,y_aceleration,aceleration_ref,x_aceleration_ref,y_aceleration_ref,angle,angle_ref
0,4,1340,190,337.21,-337,-12,1749.43,-260,1730,1,337.21,-337.0,-12.0,1749.43,-260.0,1730.0,-8.11,8.0,4.0,69.34,-337.0,-12.0,2.04,278.55
1,3,998,185,342.04,-342,-5,1736.94,82,1735,1,342.04,-342.0,-5.0,1736.94,82.0,1735.0,-4.83,5.0,-7.0,12.49,-342.0,-5.0,0.84,87.29
2,3,670,200,328.34,-328,15,1768.19,410,1720,1,328.34,-328.0,15.0,1768.19,410.0,1720.0,13.7,-14.0,-20.0,-31.25,-328.0,15.0,357.38,76.59
3,3,378,231,293.64,-292,31,1829.08,702,1689,1,293.64,-292.0,31.0,1829.08,702.0,1689.0,34.7,-36.0,-16.0,-60.89,-292.0,31.0,353.94,67.43
