,quadrants,original_coordinate_x,original_coordinate_y,distances,x_distances,y_distances,distances_ref,x_distances_ref,y_distances_ref,elapsed_time,velocities,x_velocities,y_velocities,velocities_ref,x_velocities_ref,y_velocities_ref,aceleration,x_aceleration,y_aceleration,aceleration_ref,x_aceleration_ref,y_aceleration_ref,angle,angle_ref
0,4,1314,151,369.16,-369,-11,1784.41,-234,1769,1,369.16,-369.0,-11.0,1784.41,-234.0,1769.0,-49.0,49.0,1.0,74.13,-369.0,-11.0,1.71,277.54
1,3,906,150,408.0,-408,-1,1778.53,174,1770,1,408.0,-408.0,-1.0,1778.53,174.0,1770.0,-38.84,39.0,-10.0,5.88,-408.0,-1.0,0.14,84.39
2,3,519,173,387.68,-387,23,1834.87,561,1747,1,387.68,-387.0,23.0,1834.87,561.0,1747.0,20.32,-21.0,-24.0,-56.34,-387.0,23.0,356.6,72.2
3,3,229,216,293.17,-290,43,1904.68,851,1704,1,293.17,-290.0,43.0,1904.68,851.0,1704.0,94.51,-97.0,-20.0,-69.81,-290.0,43.0,351.57,63.46
