,quadrants,original_coordinate_x,original_coordinate_y,distances,x_distances,y_distances,distances_ref,x_distances_ref,y_distances_ref,elapsed_time,velocities,x_velocities,y_velocities,velocities_ref,x_velocities_ref,y_velocities_ref,aceleration,x_aceleration,y_aceleration,aceleration_ref,x_aceleration_ref,y_aceleration_ref,angle,angle_ref
0,4,1398,169,292.06,-292,-6,1779.64,-318,1751,1,292.06,-292.0,-6.0,1779.64,-318.0,1751.0,8.95,-9.0,4.0,68.91,-292.0,-6.0,1.18,280.29
1,4,1097,159,301.17,-301,-10,1761.08,-17,1761,1,301.17,-301.0,-10.0,1761.08,-17.0,1761.0,-9.11,9.0,4.0,18.56,-301.0,-10.0,1.9,270.55
2,3,778,168,319.13,-319,9,1777.84,302,1752,1,319.13,-319.0,9.0,1777.84,302.0,1752.0,-17.96,18.0,-19.0,-16.76,-319.0,9.0,358.38,80.22
3,3,475,192,303.95,-303,24,1830.85,605,1728,1,303.95,-303.0,24.0,1830.85,605.0,1728.0,15.18,-16.0,-15.0,-53.01,-303.0,24.0,355.47,70.7
