,quadrants,original_coordinate_x,original_coordinate_y,distances,x_distances,y_distances,distances_ref,x_distances_ref,y_distances_ref,elapsed_time,velocities,x_velocities,y_velocities,velocities_ref,x_velocities_ref,y_velocities_ref,aceleration,x_aceleration,y_aceleration,aceleration_ref,x_aceleration_ref,y_aceleration_ref,angle,angle_ref
0,4,1437,197,381.16,-381,-11,1759.6,-357,1723,1,381.16,-381.0,-11.0,1759.6,-357.0,1723.0,-4.1,4.0,4.0,104.69,-381.0,-11.0,1.65,281.71
1,3,1036,190,401.06,-401,-7,1730.56,44,1730,1,401.06,-401.0,-7.0,1730.56,44.0,1730.0,-19.9,20.0,-4.0,29.04,-401.0,-7.0,1.0,88.54
2,3,644,205,392.29,-392,15,1769.55,436,1715,1,392.29,-392.0,15.0,1769.55,436.0,1715.0,8.77,-9.0,-22.0,-38.99,-392.0,15.0,357.81,75.74
3,3,318,244,328.32,-326,39,1841.09,762,1676,1,328.32,-326.0,39.0,1841.09,762.0,1676.0,63.97,-66.0,-24.0,-71.54,-326.0,39.0,353.18,65.55
