,quadrants,original_coordinate_x,original_coordinate_y,distances,x_distances,y_distances,distances_ref,x_distances_ref,y_distances_ref,elapsed_time,velocities,x_velocities,y_velocities,velocities_ref,x_velocities_ref,y_velocities_ref,aceleration,x_aceleration,y_aceleration,aceleration_ref,x_aceleration_ref,y_aceleration_ref,angle,angle_ref
0,4,1470,160,279.0,-279,-1,1802.69,-390,1760,1,279.0,-279.0,-1.0,1802.69,-390.0,1760.0,9.03,-9.0,5.0,79.24,-279.0,-1.0,0.21,282.49
1,4,1181,147,289.29,-289,-13,1775.87,-101,1773,1,289.29,-289.0,-13.0,1775.87,-101.0,1773.0,-10.29,10.0,12.0,26.82,-289.0,-13.0,2.58,273.26
2,3,872,150,309.01,-309,3,1782.18,208,1770,1,309.01,-309.0,3.0,1782.18,208.0,1770.0,-19.72,20.0,-16.0,-6.31,-309.0,3.0,359.44,83.3
3,3,582,163,290.29,-290,13,1826.21,498,1757,1,290.29,-290.0,13.0,1826.21,498.0,1757.0,18.72,-19.0,-10.0,-44.03,-290.0,13.0,357.43,74.18
