,quadrants,original_coordinate_x,original_coordinate_y,distances,x_distances,y_distances,distances_ref,x_distances_ref,y_distances_ref,elapsed_time,velocities,x_velocities,y_velocities,velocities_ref,x_velocities_ref,y_velocities_ref,aceleration,x_aceleration,y_aceleration,aceleration_ref,x_aceleration_ref,y_aceleration_ref,angle,angle_ref
0,4,1447,157,322.01,-322,-3,1800.79,-367,1763,1,322.01,-322.0,-3.0,1800.79,-367.0,1763.0,14.0,-14.0,0.0,89.27,-322.0,-3.0,0.53,281.76
1,4,1106,146,341.18,-341,-11,1774.19,-26,1774,1,341.18,-341.0,-11.0,1774.19,-26.0,1774.0,-19.17,19.0,8.0,26.6,-341.0,-11.0,1.85,270.84
2,3,734,150,372.02,-372,4,1803.5,346,1770,1,372.02,-372.0,4.0,1803.5,346.0,1770.0,-30.84,31.0,-15.0,-29.31,-372.0,4.0,359.38,78.94
3,3,397,181,338.42,-337,31,1868.32,683,1739,1,338.42,-337.0,31.0,1868.32,683.0,1739.0,33.6,-35.0,-27.0,-64.82,-337.0,31.0,354.74,68.56
