,quadrants,original_coordinate_x,original_coordinate_y,distances,x_distances,y_distances,distances_ref,x_distances_ref,y_distances_ref,elapsed_time,velocities,x_velocities,y_velocities,velocities_ref,x_velocities_ref,y_velocities_ref,aceleration,x_aceleration,y_aceleration,aceleration_ref,x_aceleration_ref,y_aceleration_ref,angle,angle_ref
0,4,1498,195,296.06,-296,-6,1774.92,-418,1725,1,296.06,-296.0,-6.0,1774.92,-418.0,1725.0,-47.06,47.0,5.0,86.47,-296.0,-6.0,1.16,283.62
1,4,1119,179,379.34,-379,-16,1741.44,-39,1741,1,379.34,-379.0,-16.0,1741.44,-39.0,1741.0,-83.28,83.0,10.0,33.48,-379.0,-16.0,2.42,271.28
2,3,699,185,420.04,-420,6,1776.34,381,1735,1,420.04,-420.0,6.0,1776.34,381.0,1735.0,-40.7,41.0,-22.0,-34.9,-420.0,6.0,359.18,77.61
3,3,342,218,358.52,-357,33,1855.11,738,1702,1,358.52,-357.0,33.0,1855.11,738.0,1702.0,61.52,-63.0,-27.0,-78.77,-357.0,33.0,354.72,66.56
