,quadrants,original_coordinate_x,original_coordinate_y,distances,x_distances,y_distances,distances_ref,x_distances_ref,y_distances_ref,elapsed_time,velocities,x_velocities,y_velocities,velocities_ref,x_velocities_ref,y_velocities_ref,aceleration,x_aceleration,y_aceleration,aceleration_ref,x_aceleration_ref,y_aceleration_ref,angle,angle_ref
0,4,1557,177,238.13,-238,-8,1807.09,-477,1743,1,238.13,-238.0,-8.0,1807.09,-477.0,1743.0,-57.12,57.0,10.0,69.46,-238.0,-8.0,1.93,285.31
1,4,1202,152,355.88,-355,-25,1772.2,-122,1768,1,355.88,-355.0,-25.0,1772.2,-122.0,1768.0,-117.75,117.0,17.0,34.89,-355.0,-25.0,4.03,273.95
2,3,760,160,442.07,-442,8,1788.85,320,1760,1,442.07,-442.0,8.0,1788.85,320.0,1760.0,-86.19,87.0,-33.0,-16.65,-442.0,8.0,358.96,79.7
3,3,358,202,404.19,-402,42,1863.55,722,1718,1,404.19,-402.0,42.0,1863.55,722.0,1718.0,37.88,-40.0,-34.0,-74.7,-402.0,42.0,354.04,67.21
