,quadrants,original_coordinate_x,original_coordinate_y,distances,x_distances,y_distances,distances_ref,x_distances_ref,y_distances_ref,elapsed_time,velocities,x_velocities,y_velocities,velocities_ref,x_velocities_ref,y_velocities_ref,aceleration,x_aceleration,y_aceleration,aceleration_ref,x_aceleration_ref,y_aceleration_ref,angle,angle_ref
0,4,1372,170,340.33,-340,-15,1774.19,-292,1750,1,340.33,-340.0,-15.0,1774.19,-292.0,1750.0,6.88,-7.0,3.0,72.33,-340.0,-15.0,2.53,279.47
1,3,1009,166,363.02,-363,-4,1755.44,71,1754,1,363.02,-363.0,-4.0,1755.44,71.0,1754.0,-22.69,23.0,-11.0,18.75,-363.0,-4.0,0.63,87.68
2,3,632,190,377.76,-377,24,1787.07,448,1730,1,377.76,-377.0,24.0,1787.07,448.0,1730.0,-14.74,14.0,-28.0,-31.63,-377.0,24.0,356.36,75.48
3,3,300,235,335.04,-332,45,1856.78,780,1685,1,335.04,-332.0,45.0,1856.78,780.0,1685.0,42.72,-45.0,-21.0,-69.71,-332.0,45.0,352.28,65.16
