,quadrants,original_coordinate_x,original_coordinate_y,distances,x_distances,y_distances,distances_ref,x_distances_ref,y_distances_ref,elapsed_time,velocities,x_velocities,y_velocities,velocities_ref,x_velocities_ref,y_velocities_ref,aceleration,x_aceleration,y_aceleration,aceleration_ref,x_aceleration_ref,y_aceleration_ref,angle,angle_ref
0,4,1556,175,306.0,-306,0,1808.76,-476,1745,1,306.0,-306.0,0.0,1808.76,-476.0,1745.0,10.08,-10.0,7.0,103.45,-306.0,0.0,360.0,285.26
1,4,1232,153,324.75,-324,-22,1773.53,-152,1767,1,324.75,-324.0,-22.0,1773.53,-152.0,1767.0,-18.75,18.0,22.0,35.23,-324.0,-22.0,3.88,274.92
2,3,857,154,375.0,-375,1,1780.02,223,1766,1,375.0,-375.0,1.0,1780.02,223.0,1766.0,-50.25,51.0,-23.0,-6.49,-375.0,1.0,359.85,82.8
3,3,478,178,379.76,-379,24,1843.09,602,1742,1,379.76,-379.0,24.0,1843.09,602.0,1742.0,-4.76,4.0,-23.0,-63.07,-379.0,24.0,356.38,70.94
