,quadrants,original_coordinate_x,original_coordinate_y,distances,x_distances,y_distances,distances_ref,x_distances_ref,y_distances_ref,elapsed_time,velocities,x_velocities,y_velocities,velocities_ref,x_velocities_ref,y_velocities_ref,aceleration,x_aceleration,y_aceleration,aceleration_ref,x_aceleration_ref,y_aceleration_ref,angle,angle_ref
0,4,1462,170,348.12,-348,-9,1791.21,-382,1750,1,348.12,-348.0,-9.0,1791.21,-382.0,1750.0,-0.12,0.0,10.0,96.64,-348.0,-9.0,1.48,282.31
1,4,1081,153,381.38,-381,-17,1767.0,-1,1767,1,381.38,-381.0,-17.0,1767.0,-1.0,1767.0,-33.26,33.0,8.0,24.21,-381.0,-17.0,2.55,270.03
2,3,690,165,391.18,-391,12,1797.81,390,1755,1,391.18,-391.0,12.0,1797.81,390.0,1755.0,-9.8,10.0,-29.0,-30.81,-391.0,12.0,358.24,77.47
3,3,372,192,319.14,-318,27,1867.42,708,1728,1,319.14,-318.0,27.0,1867.42,708.0,1728.0,72.04,-73.0,-15.0,-69.61,-318.0,27.0,355.15,67.72
